{
    "Dolar":0.00077,
	"Euro":0.00073,
	"Libras":0.00064,
	"Yen":0.10
}