{
	"Milla": 0.000006213727366498068,
	"Kilometro":0.00001,
	"Metro":0.01,
	"Milimetro":10
}