{
	"Milla":6.211180124223603e-7,
	"Kilometro":0.000001,
	"Metro":0.001,
	"Centimetro":0.1
}